92dd6c46-6aea-441e-9f01-a2a34b81c737,13,4,0,web,,,,,,,,,,
6741ecbd-9b70-4f53-a9cd-2f98a52cff36,12,89,0,,,,,,,,,,,
2b60a381-09e4-4d22-a737-5a538c9869ff,是,"很抱歉，我无法获取到JD.com (HKSE)股票在2024年8月8日到2025年8月8日期间的历史股价数据。由于网络搜索工具连续超时，我无法查看这个时间段的股票图表来确定最低点是否出现在2024年8月8日。

建议您可以通过以下方式获取这些信息：
1. 访问金融网站如Yahoo Finance、Google Finance或东方财富等
2. 查看JD.com港股代码9618.HK的历史数据
3. 使用专业的股票分析软件

如果您能提供相关的股票数据，我可以帮您分析最低点的具体日期。",0,,,,,,,,,,,
12e4d5d5-3c88-42e9-80c6-4f9aca68c9c0,Republic of Indonesia,"很抱歉,该京东商品页面显示""该商品已下柜"",无法获取商品介绍中提到的生产国家信息。,为了回答您的问题,我需要知道该商品介绍中具体提到了哪些生产国家。您可以:,1. 提供该商品介绍中提到的生产国家列表,2. 或者提供一个类似的在售商品链接,3. 或者直接告诉我您想了解的具体国家名称,一旦获得了生产国家信息,我就可以根据百度百科查询这些国家中岛屿最多的国家,并输出其英文全称。",0,,,,,,,,,,,
69709c56-441c-4eff-8630-3a121be0f5b4,219,2021/1/11,0,,,,,,,,,,,
4d6690c4-00d9-4225-b67b-d9707b2f4dd1,15,3,0,,,,,,,,,,,
969ea4b5-adc5-42b7-a7aa-c071de04788c,"技术为本,让生活更美好",让天下没有难做的生意,0,,,,,,,,,,,
abb0fe0a-00c7-4c04-9d36-ab0806bd74ea,3,2,0,,"=DISPIMG(""ID_5B164FCD4F504FB3BF57D56F3F3F5DB5"",1)",,,,,,,,,
10817620-2f4d-45be-afe1-504fa4db11eb,2022年11月20日,2022/3/20,0,格式,,,,,,,,,,
7a458220-7f42-4e88-89cf-e4205193f752,小米京东自营旗舰店,"很抱歉，视频分析工具目前无法正常工作，无法从视频""逛京东_副本.mp4""中获取关注商品的信息。

为了完成您的任务（根据关注商品总数的奇偶性输出对应商品的店名），我需要以下信息之一：

1. 商品列表：请提供所有关注商品的店名列表
2. 截图：提供显示关注商品的截图
3. 商品总数：告诉我总共有多少个关注商品，以及第一个和第二个商品的店名

您能通过其他方式提供这些信息吗？",0,,,,,,,,,,,
cbe43ae9-82c8-4ca3-916b-ad8da9c371af,nutui,NutUI,0,格式,,,,,,,,,,
83e191d1-0403-429f-ae88-5ff53019b476,"京东云,京东城市,智能机器人,京东金融","Enjoy AI In Joy AI,云主机3折购,企业建站专区,云上游戏专区,AI应用,模型服务,智算服务",0,,,,,,,,,,,
7c787786-836e-4e51-9d44-51f46c2ccd3e,82313,20798,0,,,,,,,,,,,
c6a070ef-8483-4039-b1d2-c4a3923ed64e,https://github.com/imfangs/dify-java-client/,111,0,,,,,,,,,,,
1ba6c2bd-d4e1-4cef-b830-58bdcc262b4c,5.53%,65%,0,,,,,,,,,,,
c13d124f-2974-41eb-af12-81c2f540d653,8,6,0,,8,,,,,,,,,
c6b26d6b-2f23-4c4e-8f4d-243de8a1b096,河南省,山西省,0,歪打正着,,,,,,,,,,
0cc40c20-f646-43b3-aed3-23e75028a554,6,1,0,,,,,,,,,,,
fdf3676e-fcd9-4046-b610-c43821df7b6d,张晋,无法确定,0,,,,,,,,,,,
c41d7083-d417-43b3-a50c-2fab6474fb06,990,18,0,,,,,,,,,,,
270f5711-dc65-4867-93f8-69e19e9835c8,1,0,0,,,,,,,,,,,
8a61f094-7974-45f1-8787-3506ca11abe2,150,"我需要《生灵奇旅》第一集的视频文件路径才能分析内容并找到关于成年大象食量的信息。请提供视频文件的完整路径,例如:,- 本地文件路径:`/path/to/生灵奇旅第一集.mp4`,- 或者具体的文件位置,有了文件路径后,我就可以分析视频内容,找到旁白介绍中关于成年大象一天食用植物数量的具体数值。",0,,,,,,,,,,,
eed6fa35-d13d-40b4-9165-9adfe7f3c6ae,是,否,0,,,,,切模型后重跑结果,,,,,,优化方向
c027d65e-74cd-4ac6-b8ef-215ae2e2728b,"根据目前可查到的公开信息,我无法确定《地狱厨神:异国寻味》第三季第十集中戈登一行参与划船的具体人数。该集节目在芬兰拉普兰地区拍摄,确实包含穿越急流的场景,但公开资料中没有披露具体的参与人数信息。

这类制作团队的详细人数通常不会在常规剧集介绍中公开,可能需要查阅官方幕后资料或制作花絮才能获得准确数字。",3,3,lv3检索,run,web,,找不到,,,,,,
a93a0bc8-47da-4a36-8e00-b84bc538b509,32nm,14nm,1,web检索,run,web,,没有按照流程去做，但是答案是对的。。,,,,,,浏览器操控（这里主要是翻页），截图，爬虫不可取，因为是弹性显示
559710c1-6030-437c-9b80-42cb1f24f6fd,"我需要知道视频文件的具体位置才能进行分析。请您提供《舌尖上的中国》第4季第1集视频文件的存储路径,这样我就能帮您统计切菜板前摆放的食材种类数量了。",4,1,web 视频,run,工具选择,,,,,,,,
008a798c-1fd8-4c0a-86d1-22acd5937600,"根据我的搜索结果,在京东规则平台的公开页面中未能找到""京东全球购开放平台店铺资质管理规范""的具体发布日期信息。

**搜索结果显示:**
- 当前公开的京东规则平台仅展示京东开放平台规则,没有全球购相关内容
- 所有可见规则的生效时间均为2025年,未找到2024年5月7日生效、12月失效的规则
- 页面中也没有专门的店铺资质管理规范文件

**可能原因:**
该规范可能属于京东商家后台的内部管理文件,未在公开页面展示,或者需要通过登录商家账号在规则中心查看。

由于无法从公开渠道获取到该规范的具体发布日期信息,我无法提供确切的发布时间。建议您通过京东商家客服或登录商家后台来获取准确的发布日期。",2024/5/7,1,web,,web,,,,,,,,
22eb45c7-b4fe-467e-a296-6516ff9a5e3f,56,12,1,web 识别,,web图像识别,,,,,,,,
053f4493-64ed-4d3b-94bf-78b9cecdb787,"我无法获取到该商品在2016年1月22日的具体评论信息。该HTC Desire 626d商品已经下架,评论页面无法访问,需要登录才能查看完整内容,而且搜索特定日期的评论也没有找到相关信息。

虽然从搜索结果中确认该商品有""典雅白""和""海灣藍""两种颜色,但无法提取到2016年1月22日当天用户购买的具体颜色信息。该商品的历史评论数据可能因商品下架时间较长而无法访问。",典雅白,1,登录,,web,,,,,,,,
adef2336-d23f-45d4-8440-c573196e9d54,美国,USA,1,格式,,细节,,,,,,,,
6e2a7acb-b5f2-470e-8b2d-096ea8e1b341,尼康F6,胶片单镜反光相机F6,1,web检索,,细节,,,,,,,,
2ea61a4a-ce0a-4e6d-94b1-f5c6a00e2bcc,我需要知道具体的国补补贴百分比才能计算。请告诉我这款手机的国补补贴百分比是多少?,150,1,网,,工具选择,,,,,,,,
7cba3ee7-1f10-4ecf-890a-16d60496980f,HTTP PROTOCOL,HTTP,1,格式,,不懂格式,,,,,,,,
153c91ab-d5ae-4d0b-b836-3d13fd21cc8d,2020/1/22,2020/1/1,0,web检索,,,,,,,,,,
6cd1824e-0180-4ba5-bcab-65ae637f033f,"快消,服装,家电,3C,汽车,生鲜","消费品,3C,大家居,服饰,家电,汽车,生鲜",1,识别错地方了,,web,,,,,,,,
e92129b7-d469-45db-8dd7-abad343cbadc,"我目前无法直接访问GitHub来获取Mintplex-Labs/anything-llm项目v1.8.4版本中""Handle BigInt in message response""修改的具体提交者信息。

由于GitHub连接问题,我无法通过现有工具检索到该仓库的提交历史和发布说明。要获取这个信息,您可以:

1. 直接访问GitHub仓库:https://github.com/Mintplex-Labs/anything-llm/releases
2. 查看v1.8.4版本的发布说明
3. 在仓库中搜索包含""BigInt""关键词的提交记录
4. 查看该版本时间段的提交历史

这些修改的提交者信息通常会在GitHub的提交记录中明确显示。",shatfield4,1,网,,web,,,,,,,,
dcbfb662-d7c1-4a8b-a89d-cffa2cef6bc1,我需要知道具体的品牌名称和成立年份才能计算当年的国庆节是周几。请问您指的是哪个品牌?,周一,1,网,,工具选择,,,,,,,,
1af3da61-ba41-42fe-8824-0fb7b112bf18,v1.0.0,v.1.0.0,1,格式,,web图像识别,,,,,,,,
7a3a4c29-ad8c-4635-98a1-d28c54106af9,7,16,1,web检索,给了上市与没上市两个结果选的上市第7,细节,,,,,,,,
be4848e7-0e77-4c98-ac18-01e69043a596,https://tidelift.com/security,https://tidelift.com/docs/security,1,web检索,没在readme找而是security，找错地方,,,,,,,,,
5dead2be-9c44-452b-a6b4-e2cfbf5252ad,"抱歉,目前无法获取到OxyGent官网首页蓝框的具体文本内容。由于该框架是2025年新开源的,相关信息可能还未广泛传播,或者网络连接存在问题导致无法访问相关页面。",GitHub,1,网,,web,,,,,,,,
5c605328-1bf0-43d9-8abe-0519226fa26b,"石培璋,鲁利韦,罗勉",长歌,1,正确答案：长歌,没找到协会名AAFA,web,,,,,,,,
d65f5c14-3e75-4b75-92af-24432e146cc3,1995/11/24,2008/7/18,1,网没访问到github，没找到jinja,,web,,,,,,,,
79fb6285-acee-47a7-8f96-76a3098e107d,无法确定,李碧,1,牛逼,,web,,,,,,,,
9a28bc32-364b-454e-999a-f2e3649b18b7,JD STAR新星计划(应届生项目)、TET管理培训生(应届生项目)、TGT顶尖青年技术天才计划、JD YOUNG实习生计划,"JD YOUNG实习生计划,新星计划(JD STAR),管理培训生(TET),顶尖青年技术天才计划(TGT)",1,格式,两个都错了，最好重跑，按照题目格式输出,web,,,,,,,,
e596ab6f-924c-45fe-964f-cc097a81fff2,9,"8,12",1,browser登录上github 没翻页功能。正确应该是7,,web,,,,,,,,
00088709-3abb-47f5-99cf-854b9f39c318,"无法确定。音频识别工具未能识别该音乐文件,网络搜索显示2025年1月中央电视台的主要晚会是春节联欢晚会,但未能获取到第一个节目的具体名称。",开场视觉秀《迎福》,1,,迎福,音频,,,,,,,,
12e9ea07-915f-4aab-a658-40f1be21967a,152,46,1,,,web,,,,,,,,
7cf38ae3-493d-4622-8bc1-d892629cf14e,"根据我的搜索,无法找到京东产发在2024年3月18日发布的关于参加博览会的新闻稿。搜索结果显示京东产发官网新闻中心主要包含2024年2月、9月和12月的新闻内容,但没有找到3月18日提及博览会的信息。

如果您有更具体的线索,比如博览会的名称、举办地点或其他相关信息,我可以帮您进一步搜索确认。",闪电新品,1,没找到,闪电新品,web,,,,,,,,
560ad332-4a9d-4bbe-9547-04f92cb2d432,2203.02155,2204.05862,1,没找到，然后web search,2204.05862,web,,,,,,,,
295b4b1a-e90c-463a-818b-3c8dce05f6b0,v1.9.0,v1.8.3,1,,,web,,,,,,,,
59bb8d5d-a871-46b6-ad58-13692cd241c3,"根据搜索结果,《生灵奇旅》第一集""非洲雨水追逐之旅""中介绍了**火烈鸟**的迁徙和寻找配偶过程。在东非大裂谷的盐湖中,火烈鸟进入求偶季节时会跟随鸟群进行迁徙,飞向远方寻找合适的伴侣进行繁殖。",火烈鸟,1,格式,,格式,,,,,,,,
6d1e8984-4600-4fe4-80e3-0d54b8d62f4d,"我无法直接从该京东商品页面获取到生产商的注册地址信息。页面显示的是特步品牌商品,由启贝运动专营店销售,发货地在浙江金华市,但这只是店铺的发货地址,不是生产商的注册地址。

要获取准确的加油站信息,我需要先知道生产商的具体注册地址。您可以:

1. 登录京东账号后重新查看商品页面的""商品参数""或""规格与包装""标签页
2. 直接联系启贝运动专营店客服询问生产商注册地址
3. 或者如果您知道特步生产商的具体地址,我可以帮您查找附近的加油站

您能提供生产商的具体注册地址吗?这样我就能为您查找附近的加油站品牌了。",中国石油,1,没找到,,web,,,,,,,,
ec137d0c-dcc9-4337-954a-d094fde478ff,五星低碳供应商等级证书,五星低碳供应商,1,格式,,格式,,,,,,,,
3ace17e8-2c7f-4632-8337-051f7623b3c3,Executing tool zai-org/GLM-4.6 timed out,粤,1,网,,web,,,,,,,,
ebb2b632-8e9b-40c9-b701-6348705d178f,The mechanism for making variables available to all templates in Django is through context processors. Context processors are Python functions that automatically add variables to the template context for every template rendered with RequestContext. They take an HttpRequest object as input and return a dictionary of key-value pairs that get merged into the template context.,"How do I make a variable available to all my templates?

Sometimes your templates all need the same thing. A common example would be dynamically generated menus. At first glance, it seems logical to add a common dictionary to the template context.

The best way to do this in Django is to use a RequestContext. Details on how to do this are here: Using RequestContext.",1,,"How do I make a variable available to all my templates?
=======================================================

Sometimes your templates all need the same thing. A common example would be
dynamically generated menus. At first glance, it seems logical to add a common
dictionary to the template context.

The best way to do this in Django is to use a ``RequestContext``. Details on
how to do this are here: :ref:`subclassing-context-requestcontext`.",web,,,,,,,,
008af0f1-b469-4d23-b3da-5581ef13ec9a,10:00,8:30,1,,,web,,,,,,,,
5b45de8b-9398-48e0-99ca-e5bf8824cb7d,研发类职位中的软件开发方向,研发类,1,,,web,,,,,,,,
e87268dd-3c05-49d9-aa40-c8e0ce11e87a,枢密使制度的设立,枢密使,1,,,格式,,,,,,,,
2fb908ca-2891-481c-97a6-240c774cc8c9,0,3,1,,,网络问题,,,,,,,,
117702f7-af2b-47aa-8c94-0a91589f5a67,银色,2,1,,,答案返回错误,,,,,,,,
00a48dfc-4764-47ff-a17d-610ce8cc7641,"现在我有了文件的具体信息。让我为您提供完整的下载和验证步骤:

**文件信息确认:**
- 数据集:openai/gsm8k
- 文件路径:main/train-00000-of-00001.parquet
- 文件大小:约5.9 MB
- 提交哈希:e53f048856ff4f594e959d75785d2c2d37b678ee

**完整操作步骤:**

1. **下载文件(使用wget处理重定向):**
```bash
wget -O train-00000-of-00001.parquet ""https://huggingface.co/datasets/openai/gsm8k/resolve/e53f048856ff4f594e959d75785d2c2d37b678ee/main/train-00000-of-00001.parquet""
```

2. **计算下载文件的SHA256:**
```bash
sha256sum train-00000-of-00001.parquet
```

3. **或者使用Hugging Face CLI(推荐):**
```bash
# 安装CLI(如果未安装)
pip install huggingface_hub

# 下载文件
huggingface-cli download openai/gsm8k main/train-00001-of-00001.parquet --repo-type dataset --local-dir ./

# 计算SHA256
sha256sum train-00000-of-00001.parquet
```

**网页上的SHA256获取:**
访问Hugging Face网站的文件页面,在文件详情中查看SHA256哈希值,然后与本地计算的哈希值进行比对验证文件完整性。

文件包含7,473条数学应用题,是GSM8K数据集的主要训练集部分。",54eb5fd2105a9126ac6410541b2e9dbe0199701258957c9af02d9ed675c90378,1,,,web,,,,,,,,
8a2c0d6c-2e06-47ed-9c34-111acc1c5b79,"根据搜索结果,京东无人配送车并没有独立的官方京东账号。相关信息主要通过京东物流的官方渠道发布:

**京东物流官方账号渠道:**
- 微信公众号:搜索""京东物流""或""京东快递""
- 微博账号:@京东物流
- 官方网站:jdl.com

**无人配送车特点:**
- L4级自动驾驶智能配送设备
- 具备自动避障、远程监控功能
- 18个快递格口,支持无接触交付
- 用户凭取件码领取快递

无人配送车作为京东物流体系的一部分,其运营和管理都整合在京东物流的整体系统中,没有单独的社交媒体或平台账号。",JD40006,1,,,web,,,,,,,,
c45859ac-30cd-4477-b63b-354f9525f073,"商品已下架,无法获取噪音参数信息。",66,1,,,web,,,,,,,,
5140f7de-731c-4a80-96d0-6f5a48257c0d,GRPO (Group Relative Policy Optimization),GRPO,1,,,格式,,,,,,,,
2f690546-9f87-496d-a1d4-8a190e3004b6,"我没有找到关于京东零售2025年开源的多智能体框架OxyGent的具体信息。根据搜索结果,这个项目在公开渠道中尚未发布或无法找到相关信息。

可能的原因包括:
- 项目尚未正式发布或仍处于内部开发阶段
- 项目可能使用了不同的名称
- 相关信息可能仅在内部渠道发布

如果您需要获取该框架的具体信息,建议关注京东官方的技术博客、开发者社区或GitHub官方组织页面。","oxy,basellm,basetool",1,,,web,,,,,,,,
dc644ab8-cde5-40c5-8622-d0d773e7fc43,"我无法找到京东健康在2025年7月24日发布的关于专家医生数字分身上线时间的新闻信息。这可能是因为该新闻尚未发布、还未被搜索引擎收录,或者使用了不同的表述方式。

建议您可以直接访问京东健康官方网站查看最新公告,或关注其官方社交媒体账号获取相关动态。",2,1,,,web,,,,,,,,
2757bd43-bf09-400b-b17b-1ae8e2ee811d,京东健康首页当前未提供友情链接,"京东钱包,京东云",1,,,web,,,,,,,,
968d8c9e-1b84-4133-93c9-a8297452529f,们,我,1,,,音频,,,,,,,,
343baf71-56bd-469d-bd3f-76b945c05a9f,李良嗣(后改名赵良嗣),李良嗣,1,,,格式,,,,,,,,
f09fb5f6-b60e-4b74-a2a7-0842a72dea08,"我需要视频文件的具体路径才能进行分析。请您提供《感动中国2023年度人物盛典》-萧凯恩官方视频的文件路径,这样我就能帮您识别离她最近的椅子颜色了。","很抱歉,我无法通过现有的工具访问和分析《感动中国2023年度人物盛典》中萧凯恩的视频内容来确定椅子的颜色。,我尝试了以下方法:,1. **视频分析**:需要视频文件路径才能分析画面细节,2. **网络搜索**:搜索了多个关键词组合,但找不到具体的视频截图或画面描述,3. **官方渠道**:央视网相关页面显示404错误,无法获取官方视频内容,**建议解决方案:**,- 如果您有该视频的本地文件,请提供文件路径,我可以尝试分析,- 您可以直接观看视频,在描述萧凯恩考入英国皇家音乐学院的片段中观察椅子的颜色,- 也可以在视频平台(如央视影音、YouTube等)搜索""感动中国2023 萧凯恩""来查看完整节目,如果您能提供视频文件或更具体的访问方式,我很乐意帮您分析这个细节。",3,lv3检索,,工具选择,,,,,,,,
00eae172-394f-4402-9262-85385834fada,"由于网络连接问题,无法获取京东集团(9618.HK)的实时股价数据,因此无法计算2020年6月18日到2025年6月18日的股价变动百分比。请提供具体的股价数值或稍后重试。",60%,3,股票,,,,,,,,,,
6d00be10-ae8d-40e8-b4be-c15d508a9f1a,"根据对京东商品7457999页面的详细分析,该商品详情中**没有专门的烹饪建议、食用方法或做法说明内容**。

页面中唯一与烹饪相关的文字是商品标题中的描述:
**""红烧炖煮...""**

商品详情页面没有显示详细的""商品描述""、""产品详情""、""食用指南""等板块,也没有专门的烹饪建议或做法说明内容。","根据页面截图分析,该京东商品页面中未显示烹饪建议内容。页面主要包含商品图片、价格信息、促销信息和购买按钮等基本商品信息,但没有专门的烹饪建议板块。商品标题中虽然有""红烧炖煮""字样,但这只是标题的一部分描述,并非详细的烹饪建议内容。页面中确实没有找到明确的烹饪建议原文。如果您需要了解该牛肉产品的具体烹饪方法,建议查看商品详情页面的其他部分,或者联系商家客服获取更详细的烹饪指导。",3,登录,,web,红烧炖煮,,,,,,,
95236b28-7940-4d79-970a-0466fcf5a51b,中国传媒大学,重庆大学,3,lv3,,web,,,,,,,,
9e0f5e50-690c-4868-ad7c-f6fa537c14fe,"我需要分析视频文件来获取商品信息,但目前可用的工具无法处理视频内容。视频分析超出了当前系统的处理范围。

您可以考虑:
1. 提供视频中商品的截图或文字描述
2. 直接提供商品的价格和品牌信息
3. 使用专门的视频分析工具来处理该文件

这样我就能帮您找出同国家品牌中价格较高的商品了。",5429,3,网,,网络问题,,,,,,,,
49cb0842-30ab-47ad-b69a-b7d741698d0c,"我无法直接处理音频文件来提取歌词内容。目前可用的文件处理工具只支持PDF、图片和PPTX格式的文件。

要统计歌词文字总数,您需要:
1. 提供包含歌词的文本文件(如.txt、.doc等)
2. 或者提供歌词的PDF文档
3. 或者将音频中的歌词手动转录为文本格式

如果您能提供歌词的文本版本,我可以帮您准确统计汉语和英语部分的文字数量,并忽略俄语部分。","0,0",3,网,0,音频,,,,,,,,
026f3a85-c695-4ff0-85f0-c72a24bd052f,"很抱歉,经过多次搜索,我无法找到关于《披荆斩棘第5季》中陈小春在《记得》舞台上使用的红色扇子上具体写了什么字的信息。

可能的原因包括:
1. 该细节在公开报道和视频平台中未被详细记录
2. 相关信息可能仅在芒果TV官方完整版视频中可见
3. 扇子上的文字可能不是表演的主要焦点

建议您:
- 直接观看芒果TV上的《披荆斩棘2025》相关期数完整视频
- 或提供具体的视频文件路径,我可以尝试分析视频内容来识别扇子上的文字",记得,3,lv3,,web,,,,,,,,
2562513a-f111-4993-a6d7-7257119f0a9d,jdt.partner@jd.com,jdtartner@jd.com,3,图像识别,,web图像识别,,,,,,,,
8f43e62c-dafb-4633-b5d7-c1f9a8de5def,CF4,CO?,3,,,web,,,,,,,,
8fe4506f-d03b-407a-8ae7-02d36ad9a9d4,09007894,09007818,3,登录,苏G妆网备字2023002577,web,,,,,,,,
a785aa5c-a0c6-4f8b-972e-3c1bd679ef8b,1000,1993,3,哈曼,1953,切帧问题,,,,,,,,
2c90d837-db0f-4d6f-b8a4-afacfa11298a,"breathable,moisture-wicking,quick-dry","Moisture Wicking,Breathable,Quick Drying",3,格式，让用英文逗号,吸湿排汗，透气，速干,格式,,,,,,,,
0cfb8480-ac49-4e9c-8b09-e7ab9b1bcf22,"家电安装服务,家居安装服务,充电桩服务,家庭维修服务,3C服务,家电家居清洗服务,衣物洗护服务","安装,维修,清洗",3,没找到,"安装服务,维修服务,清洗服务",web,,,,,,,,
c343d017-e9cd-4abe-9918-037ac0bbe375,"很遗憾,这个科沃斯地宝T5 Power扫地机器人商品已经下架了。京东平台对于已下架的商品会隐藏""问大家""等互动板块的内容,因此我无法获取到您询问的关于水箱能放置液体的问题以及2020年11月12日买家的具体回复。

如果您需要了解扫地机器人水箱使用的相关信息,建议您可以:
- 搜索其他在售的科沃斯扫地机器人商品查看""问大家""板块
- 查看产品说明书或咨询官方客服获取准确的使用指导","很抱歉,由于该京东商品(编号100004538398)已经下架,我无法访问到""问大家""板块中2020-11-12那个具体买家的回复内容。,不过,根据我搜索到的科沃斯DX93扫地机器人的官方使用说明,水箱中应该放置:,**科沃斯专配清洁液**,按照1:200的比例与清水混合使用。,**重要提醒:**,- 严禁使用洗衣液、消毒液、洗衣粉等其他清洁剂,- 建议始终使用科沃斯原厂清洁液以避免水箱堵塞等问题,虽然无法获取到您要求的具体日期回复,但这个官方使用说明应该能回答您关于水箱能放置什么液体的问题。",3,登录,,web,,,,,,,,
03f4efe0-1104-435f-8bec-0adbb6fdbca1,"我查看了这个京东商品页面,发现该商品是京东京造45W自带线充电宝(20000mAh)。根据页面信息,商品详情中确实没有提供具体的续航时间(小时)数据。

页面显示的主要参数包括:
- 电池容量:20000mAh
- 功率:45W大功率
- 支持双向快充
- 12重安全防护

充电宝的续航时间通常不会直接标注固定的小时数,因为实际使用时间取决于连接的设备功耗和使用条件。页面只提供了电池容量和功率等基础参数,建议您查看商品详情页的文字描述部分或咨询客服获取更准确的使用时长信息。",该商品详情页面中没有显示续航时间(小时)的数字信息。,3,登录,,web,,,,,,,,
222e58d7-0a40-43c4-96a1-0dd3ce776639,"根据我的搜索结果,我无法在京东物流官网中找到您提到的宣传视频和红色框X2961的相关内容。页面主要展示的是服务介绍和业务信息,没有发现宣传视频区域或X2961标识。

如果您能提供以下信息,我可以更好地帮助您:
- 具体的视频链接或页面URL
- 视频截图或更详细的位置描述
- 访问该视频的具体路径

当前京东物流官网的公开页面中未发现您所描述的宣传视频内容。","我需要您提供更具体的信息才能帮您找到答案。

目前我无法直接访问到京东物流官网中您提到的那个宣传视频。为了准确识别视频中红色框内的文本内容，我需要：

1. 视频的直接链接 - 如果您能提供该宣传视频的具体URL链接
2. 或者视频文件路径 - 如果您有下载的视频文件
3. 或者更详细的页面信息 - 比如该视频在官网的具体位置路径

您能提供其中任何一个信息吗？这样我就能分析视频内容，找到另一个红色框中的文本了。",3,lv3,,web,,,,,,,,
19fea50c-a592-43e6-bf8d-e8ed3a3ba9f8,小麦山药拌饭,山药汁麦饭,3,山药麦饭,,web,,,,,,,,
1d752906-d171-451a-8ef8-4cb67185b279,"1,7.4,16",7.4,3,,,web图像识别,,,,,,,,
85b9a179-4b4f-46eb-895b-3abf8c96235a,张雱,"该PDF文档中不存在您所询问的内容。文档仅包含京东账号注册步骤,没有关于张雱的文章,也没有黑色加粗字体文本。",3,,,web,,,,,,,,
10cef07f-5945-417c-8e6d-9accc486c012,"我需要具体的图片文件才能分析人数。请提供包含京东公益""温暖守护乡里乡亲""项目图片的文件路径,例如:File_Name: /path/to/images/","很抱歉,经过多次搜索尝试,我无法在公开渠道找到京东公益""温暖守护乡里乡亲""2021年12月项目的具体信息,包括项目图片中显示的人数数据。,该项目可能是一个较小规模或地区性的活动,相关信息未在公开网络渠道发布。如需获取该项目的具体人数信息,建议:,1. 直接联系京东公益官方客服,2. 查看京东公益官方平台的详细项目记录,3. 如果您有该项目的具体页面链接,我可以帮您分析页面内容",3,,,工具选择,,,,,,,,
3661e1bd-13c6-46e8-b2e3-2a6c5e18d5c2,6,0,3,,,音频,,,,,,,,
d8b695a6-e5dc-477b-af70-076e518f31fc,需要提供初始库存数据才能计算调货成本。请提供初始库存表中华北仓和华东仓在2024-11-01的初始库存数量。,1068500,？,lv3 读不了 excel,,,,,,,,,,
54ffde35-f8dc-42ab-a628-f00a0fd61d11,30,40,？,lv3,,web,,,,,,,,
dd095d8a-48e9-40ce-9bf2-2cbcb5441da2,"我注意到您询问的是2025年6月18日的收益,但这个日期是未来时间,目前无法获取该日期的股价数据。股票市场无法提供未来日期的收盘价,因此无法计算确切的收益金额。

如果您想计算从2020年6月18日到当前日期(2025年11月)的收益,我可以帮您查询当前的股价数据。请确认您是否需要计算到当前日期的收益?",-32653.6,？,股票,,,,,,,,,,
6a04f05b-29d5-43da-8dce-25c81b8b8785,27,37,？,lv3,,网络问题,,,,,,,,
a8191b97-5566-4cd5-929d-1fd6a4f418b9,dependencies,Need,？,,,web,,,,,,,,
e894af35-ef7b-498b-85f4-7c73a6cd2293,研发类,技术研发类,？,搜不到零售平台产品与研发中心,,web,,,,,,,,
6c8ae91c-4b83-4f17-8870-9aa6bd4a3230,"鸡肉,火鸡,玉米饼,米饭,豆类","鸡肉,猪肉,牛肉,火鸡肉,玉米饼",？,lv3,,web,,,,,,,,
f011b1b4-f148-49bd-a61d-a010a3ccff6e,"剧中没有明确提及肩胛翼板肉(酱汁)的具体肉片数量。根据搜索结果,肩胛翼板肉出现在《孤独的美食家》第四季第4集,而第六季第四集中五郎点的是嫩肩里脊,但都没有提供肉片数量的具体信息。",1,？,lv2,,web,,,,,,,,
3e7f78ad-d289-49c7-be9a-a09a3c9ff389,"Taro UI组件库遵循Taro框架的多端统一开发规范,支持使用React/Vue等框架开发,通过Taro的编译工具将一套代码编译出可以在不同端运行的代码,实现'一次编写,多端运行'的开发模式。具体语法规范包括:React语法规范(使用Class组件写法)、Vue语法规范(支持Vue 3 Composition API),以及样式引入规范(全局引入或按需引入SCSS文件)。",在 Taro 3 中可以使用完整的 React / Vue / Preact / Svelte / Nerv 开发体验,？,,,web,,,,,,,,
349caed6-a57a-4884-9b6a-01a9c4516a62,20kg,30,？,lv3,,,,,,,,,,
faaa9982-314e-4bb7-b12e-0da6e8ff70e0,33.73,34.82,？,股票,,,,,,,,,,
03d39361-44e2-48bf-9f35-f474ea51619c,"我需要您提供视频文件的路径信息才能进行分析。您提到的这个获奖视频文件保存在哪里?请提供完整的文件路径,比如 `/path/to/your/video.mp4` 这样的格式,这样我就能帮您查看视频三分钟左右的那个五位数字了。","根据搜索结果,我找到了符合""29年兢兢业业""条件的2024年获奖人物——张连钢(感动中国2024年度人物),但在所有公开信息中均未找到与该视频相关的五位数字编号。,搜索结果显示:,- 张连钢作为山东港口高级专家,在港口自动化领域工作30年,带领团队建成亚洲首个全自动化集装箱码头,- 存在时长约2分46秒的获奖视频片段,- 但在所有公开报道、视频平台和官方信息中,均未发现任何五位数字编号,该编号可能属于内部管理信息或特定平台标识,未对外公开。",？,lv3,,工具选择,,,,,,,,
7f2bf326-8c1c-444b-8967-aabd5f57cab6,现代化基础设施全周期运营管理,基础设施开发管理与综合服务,？,找不到,"客户为先
高效卓越 值得信赖",web,,,,,,,,
1b1301ad-c371-4c20-b734-89ff8962248b,3,5,？,找不到,"AgentScope 文档中明确提到的“主要概念”共有 四种，分别是：
Message（消息）
Agent（智能体）
Workflow（工作流）
Service Functions and Tools（服务函数与工具）
这些概念贯穿整个 AgentScope 平台，是构建多智能体应用的核心基础。",web,,,,,,,,
9f29b8a5-a745-46fb-8278-f96b9398ecd9,3840,1,？,股票,,,,,,,,,,
a690794e-b154-45cf-9942-1d68279d4aec,2025/10/24,2025/11/6,？,网页进不去,,web,,,,,,,,
3cf4b68c-090d-4f30-93ef-d975669e0f3b,200,100,？,,,尽力了,,,,,,,,
69a62beb-30ec-4086-93cb-900b411162d2,宣清元,invalid_format,？,,,web,,,,,,,,
17f27f09-964a-4498-b05b-beed89c86867,无法获取,2700,？,,,web,,,,,,,,
b5499af8-4a65-4871-bae9-25780455dd18,明太子奶油意面,明太子奶油意面和猪排三明治,？,,,web,,,,,,,,
154bd338-80d1-436e-940a-2c5cdada4112,羊毛,https://item.jd.com/1415009.html）已经下架，页面显示"该商品已下柜，欢迎挑选其他商品！"的提示。由于商品已下架，无法获取到商品详情中关于两种混合纺织面料的具体信息，因此无法确定哪种面料的天然成分含量较高。,3 错,登录,,web,,,,,,,,
