task_id,new,v5,,,
8fe4506f-d03b-407a-8ae7-02d36ad9a9d4,09007894,09007818,3,登录,苏G妆网备字2023002577
9f29b8a5-a745-46fb-8278-f96b9398ecd9,3840,1,？,股票,
a690794e-b154-45cf-9942-1d68279d4aec,2025/10/24,2025/11/6,？,,
12e9ea07-915f-4aab-a658-40f1be21967a,152,46,？,,
a785aa5c-a0c6-4f8b-972e-3c1bd679ef8b,1000,1993,？,,
c13d124f-2974-41eb-af12-81c2f540d653,8,6,？,,
2c90d837-db0f-4d6f-b8a4-afacfa11298a,"breathable,moisture-wicking,quick-dry","Moisture Wicking,Breathable,Quick Drying",3,理解错误，让用英文逗号,吸湿排汗，透气，速干
0cfb8480-ac49-4e9c-8b09-e7ab9b1bcf22,"家电安装服务,家居安装服务,充电桩服务,家庭维修服务,3C服务,家电家居清洗服务,衣物洗护服务","安装,维修,清洗",3,没找到,"安装服务,维修服务,清洗服务"
c343d017-e9cd-4abe-9918-037ac0bbe375,"很遗憾,这个科沃斯地宝T5 Power扫地机器人商品已经下架了。京东平台对于已下架的商品会隐藏""问大家""等互动板块的内容,因此我无法获取到您询问的关于水箱能放置液体的问题以及2020年11月12日买家的具体回复。

如果您需要了解扫地机器人水箱使用的相关信息,建议您可以:
- 搜索其他在售的科沃斯扫地机器人商品查看""问大家""板块
- 查看产品说明书或咨询官方客服获取准确的使用指导","很抱歉,由于该京东商品(编号100004538398)已经下架,我无法访问到""问大家""板块中2020-11-12那个具体买家的回复内容。,不过,根据我搜索到的科沃斯DX93扫地机器人的官方使用说明,水箱中应该放置:,**科沃斯专配清洁液**,按照1:200的比例与清水混合使用。,**重要提醒:**,- 严禁使用洗衣液、消毒液、洗衣粉等其他清洁剂,- 建议始终使用科沃斯原厂清洁液以避免水箱堵塞等问题,虽然无法获取到您要求的具体日期回复,但这个官方使用说明应该能回答您关于水箱能放置什么液体的问题。",3,,
03f4efe0-1104-435f-8bec-0adbb6fdbca1,"我查看了这个京东商品页面,发现该商品是京东京造45W自带线充电宝(20000mAh)。根据页面信息,商品详情中确实没有提供具体的续航时间(小时)数据。

页面显示的主要参数包括:
- 电池容量:20000mAh
- 功率:45W大功率
- 支持双向快充
- 12重安全防护

充电宝的续航时间通常不会直接标注固定的小时数,因为实际使用时间取决于连接的设备功耗和使用条件。页面只提供了电池容量和功率等基础参数,建议您查看商品详情页的文字描述部分或咨询客服获取更准确的使用时长信息。",该商品详情页面中没有显示续航时间(小时)的数字信息。,3,,
222e58d7-0a40-43c4-96a1-0dd3ce776639,"根据我的搜索结果,我无法在京东物流官网中找到您提到的宣传视频和红色框X2961的相关内容。页面主要展示的是服务介绍和业务信息,没有发现宣传视频区域或X2961标识。

如果您能提供以下信息,我可以更好地帮助您:
- 具体的视频链接或页面URL
- 视频截图或更详细的位置描述
- 访问该视频的具体路径

当前京东物流官网的公开页面中未发现您所描述的宣传视频内容。","我需要您提供更具体的信息才能帮您找到答案。

目前我无法直接访问到京东物流官网中您提到的那个宣传视频。为了准确识别视频中红色框内的文本内容，我需要：

1. 视频的直接链接 - 如果您能提供该宣传视频的具体URL链接
2. 或者视频文件路径 - 如果您有下载的视频文件
3. 或者更详细的页面信息 - 比如该视频在官网的具体位置路径

您能提供其中任何一个信息吗？这样我就能分析视频内容，找到另一个红色框中的文本了。",3,,
19fea50c-a592-43e6-bf8d-e8ed3a3ba9f8,小麦山药拌饭,山药汁麦饭,3,山药麦饭,
7cf38ae3-493d-4622-8bc1-d892629cf14e,"根据我的搜索,无法找到京东产发在2024年3月18日发布的关于参加博览会的新闻稿。搜索结果显示京东产发官网新闻中心主要包含2024年2月、9月和12月的新闻内容,但没有找到3月18日提及博览会的信息。

如果您有更具体的线索,比如博览会的名称、举办地点或其他相关信息,我可以帮您进一步搜索确认。",闪电新品,1,没找到,
560ad332-4a9d-4bbe-9547-04f92cb2d432,2203.02155,2204.05862,1,没找到，然后web search,2204.05862
295b4b1a-e90c-463a-818b-3c8dce05f6b0,v1.9.0,v1.8.3,1,,
59bb8d5d-a871-46b6-ad58-13692cd241c3,"根据搜索结果,《生灵奇旅》第一集""非洲雨水追逐之旅""中介绍了**火烈鸟**的迁徙和寻找配偶过程。在东非大裂谷的盐湖中,火烈鸟进入求偶季节时会跟随鸟群进行迁徙,飞向远方寻找合适的伴侣进行繁殖。",火烈鸟,1,格式,
6d1e8984-4600-4fe4-80e3-0d54b8d62f4d,"我无法直接从该京东商品页面获取到生产商的注册地址信息。页面显示的是特步品牌商品,由启贝运动专营店销售,发货地在浙江金华市,但这只是店铺的发货地址,不是生产商的注册地址。

要获取准确的加油站信息,我需要先知道生产商的具体注册地址。您可以:

1. 登录京东账号后重新查看商品页面的""商品参数""或""规格与包装""标签页
2. 直接联系启贝运动专营店客服询问生产商注册地址
3. 或者如果您知道特步生产商的具体地址,我可以帮您查找附近的加油站

您能提供生产商的具体注册地址吗?这样我就能为您查找附近的加油站品牌了。",中国石油,1,没找到,
ec137d0c-dcc9-4337-954a-d094fde478ff,五星低碳供应商等级证书,五星低碳供应商,1,格式,
3ace17e8-2c7f-4632-8337-051f7623b3c3,Executing tool zai-org/GLM-4.6 timed out,粤,1,网,
ebb2b632-8e9b-40c9-b701-6348705d178f,The mechanism for making variables available to all templates in Django is through context processors. Context processors are Python functions that automatically add variables to the template context for every template rendered with RequestContext. They take an HttpRequest object as input and return a dictionary of key-value pairs that get merged into the template context.,"How do I make a variable available to all my templates?

Sometimes your templates all need the same thing. A common example would be dynamically generated menus. At first glance, it seems logical to add a common dictionary to the template context.

The best way to do this in Django is to use a RequestContext. Details on how to do this are here: Using RequestContext.",1,,"How do I make a variable available to all my templates?
=======================================================

Sometimes your templates all need the same thing. A common example would be
dynamically generated menus. At first glance, it seems logical to add a common
dictionary to the template context.

The best way to do this in Django is to use a ``RequestContext``. Details on
how to do this are here: :ref:`subclassing-context-requestcontext`."
008af0f1-b469-4d23-b3da-5581ef13ec9a,10:00,8:30,1,,
c6b26d6b-2f23-4c4e-8f4d-243de8a1b096,河南省,山西省,0,歪打正着,
0cc40c20-f646-43b3-aed3-23e75028a554,6,1,0,,
fdf3676e-fcd9-4046-b610-c43821df7b6d,张晋,无法确定,0,,
